Protein,Cluster
AARS1,14
ABCE1,29
ABCF1,10
ACLY,14
ACOT7,27
ACTA2,1
ACTN2,10
ACTR2,16
ACTR3,19
ADAR,19
ADH1B,5
ADRM1,30
AHCY,19
AHNAK,2
AHSA1,15
AIMP2,11
AKAP12,8
AKAP9,6
ALB,3
ALCAM,4
ALDH18A1,26
ALDH1A1,9
ALDOA,23
ALYREF,29
AMBP,1
ANK2,5
ANKRD22,11
ANP32A,11
ANP32B,21
ANP32E,11
ANXA3,30
ANXA4,29
AOC2,9
AOC3,7
APCS,7
APEX1,19
APMAP,22
APRT,12
ARCN1,12
ARF4,26
ARFGEF2,3
ARFIP1,27
ARHGDIA,26
ARPC1B,19
ARPC2,19
ARPC5,12
ASNS,22
ASPN,9
ASS1,26
ATAD3B,26
ATP2A2,18
ATP2B4,9
ATP6V0D1,26
AZU1,22
BAG2,9
BCCIP,30
BCLAF1,21
BGN,9
BOLA2,12
BRIX1,14
BUB3,23
C1QBP,16
CACYBP,16
CAD,11
CALR,14
CALU,12
CANX,24
CAP2,2
CAPG,19
CAPRIN1,1
CAPZA1,19
CASP1,20
CAV1,2
CAV3,1
CAVIN1,3
CAVIN2,1
CAVIN3,1
CBX3,19
CBX8,19
CCT2,30
CCT3,28
CCT4,30
CCT6A,28
CCT7,19
CCT8,19
CD151,1
CDK11B,11
CDV3,21
CEACAM5,21
CEACAM6,30
CES1,2
CFTR,29
CHCHD2P9,12
CHD3,16
CHD4,21
CHMP4B,17
CKAP5,26
CKB,7
CLEC3B,9
CLIC1,17
CLTB,13
CMA1,9
CNN1,3
CNP,29
COL12A1,15
COL14A1,3
COL6A1,9
COL6A2,9
COL6A3,9
COLGALT1,12
COMT,16
COPA,14
COPB1,26
COPB2,26
COPE,19
CP,7
CPSF3,11
CRAT,6
CS,18
CSE1L,16
CSNK2B,21
CSRP1,9
CSTF2,3
CTTN,30
CYB5B,17
CYCS,21
CYP2S1,29
CYP51A1,22
CYRIA,12
CYRIB,27
DBNL,19
DCN,9
DDB1,11
DDX17,16
DDX18,21
DDX21,19
DDX24,10
DDX39A,19
DDX39B,21
DDX3X,29
DDX5,27
DDX6,30
DEFA1,13
DES,9
DHX15,11
DHX9,28
DIAPH2,3
DMD,5
DNAJA1,13
DNAJB1,18
DNAJC10,21
DPP3,14
DPT,7
DYNLT1,19
EEF1A1,13
EEF1B2,12
EEF1D,15
EEF1G,12
EEF2,28
EFHD2,27
EFTUD2,19
EHD2,9
EIF1AY,17
EIF1B,29
EIF2S1,15
EIF2S2,19
EIF2S3,13
EIF3A,28
EIF3B,28
EIF3CL,30
EIF3D,14
EIF3E,30
EIF3G,22
EIF3H,30
EIF4A1,19
EIF4A3,30
EIF4B,11
EIF4E,16
EIF4G1,28
EIF5A,20
EIF6,18
ELANE,13
ELAVL1,22
ELMOD2,19
EMD,10
ENO2,8
ENSA,11
EPHX1,8
EPRS1,15
ERO1A,22
ERP29,14
ERP44,28
ETF1,28
EWSR1,30
F13A1,7
FABP5P3,1
FAM98B,11
FASN,28
FBL,9
FBN1,2
FERMT2,7
FHL1,3
FKBP10,21
FKBP3,22
FLNA,9
FLNC,7
FUBP1,13
FUS,28
G3BP1,27
GAA,24
GAPVD1,22
GAR1,19
GARS1,22
GART,1
GDI2,26
GGCT,19
GLIPR2,7
GNS,30
GOLGA3,28
GPI,25
GPX3,7
GRPEL1,27
GSPT1,18
GSPT2,18
GSTK1,17
GSTM1,7
GSTM2,8
GSTM3,9
GTF2F2,21
H1-5,13
HDGF,27
HDLBP,19
HERC4,24
HLA-B,11
HLA-DRA,1
HM13,30
HMGB1P1,30
HMGB2,13
HMGB3,19
HMGCS1,15
HMOX2,19
HNRNPA0,30
HNRNPA1L3,21
HNRNPA2B1,21
HNRNPA3,30
HNRNPC,11
HNRNPCL2,13
HNRNPD,30
HNRNPDL,10
HNRNPF,19
HNRNPH1,28
HNRNPK,21
HNRNPL,21
HNRNPM,14
HNRNPR,26
HNRNPU,13
HNRNPUL1,27
HP,7
HPRT1,30
HPX,9
HSD17B4,27
HSP90AA1,14
HSP90AB1,13
HSP90AB2P,30
HSP90B1,28
HSPA2,3
HSPA4,16
HSPA4L,26
HSPA5,13
HSPA9,30
HSPB1,1
HSPB6,3
HSPD1,30
HSPE1,16
HSPG2,9
HUWE1,19
HYOU1,28
IDI1,15
IGHV3-74,5
IK,19
ILF2,28
ILF3,30
ILK,2
IMPDH2,13
INTS4,30
INTS5,21
ITGA7,9
ITGAM,10
ITIH5,5
ITPRID2,5
JPT1,17
KANK2,1
KARS1,19
KATNAL2,30
KHDRBS1,16
KHSRP,30
KIAA0232,9
KIF13B,19
KIF5B,16
KPNA3,15
KPNB1,30
KRT18,14
L1CAM,30
LAMC1,1
LAMP1,21
LAMTOR1,30
LAP3,22
LASP1,19
LCN2,22
LDHA,26
LGALS3BP,27
LMAN2,19
LMNB1,21
LMOD1,9
LONP1,29
LPP,2
LRPPRC,30
LRRC59,19
LSM2,27
LTF,22
LUC7L3,18
LUM,1
LYPLA1,26
LYZ,13
MAGOH,21
MANF,13
MAP4,16
MARCKSL1,30
MARS1,28
MAT2B,19
MATN2,8
MATR3,19
MCM7,20
MDH2,16
MFAP4,1
MLEC,19
MMP9,27
MMRN1,30
MOGS,30
MPO,13
MRPL12,17
MRPL18,2
MRPS17,16
MRPS23,17
MTCH2,18
MTHFD1,15
MTREX,14
MUC13,17
MYADM,3
MYBBP1A,28
MYDGF,28
MYH10,9
MYH11,9
MYH14,30
MYL12B,9
MYL6,9
MYL6B,9
MYL9,3
MYLK,9
MYO1B,10
MYO1C,9
MYO1E,21
MYO6,30
NACA,30
NAE1,29
NAMPT,21
NAP1L1,18
NAP1L4,26
NAPA,26
NARS1,26
NCL,30
NCOA5,9
NEFL,3
NID1,9
NIPSNAP1,26
NIPSNAP2,3
NLRX1,18
NME1,29
NME2,16
NOLC1,19
NONO,21
NOP2,21
NOP56,19
NOP58,30
NPLOC4,28
NPM1,16
NUDC,12
NUDT5,30
NUP93,11
OCIAD2,16
OGN,1
OLA1,27
ORM1,7
OSTC,17
P4HA1,30
P4HB,28
PA2G4,14
PABPC1,28
PABPC4,27
PAFAH1B3,30
PAICS,30
PARVA,9
PCBP1,29
PCBP2,21
PDAP1,30
PDIA3,21
PDIA4,14
PDIA6,27
PDLIM5,23
PDLIM7,9
PEPD,14
PFDN6,19
PGD,15
PGK1,28
PGM3,11
PGM5,7
PHAX,16
PHB1,15
PKM,10
PKP3,14
PLAA,22
PLBD1,12
PLCG2,5
PLIN3,18
PLIN4,8
PLOD3,30
PMP2,9
POFUT1,30
POLR2H,30
PPA1,19
PPIA,19
PPIB,21
PPIG,24
PPP1R12B,9
PRDX1,25
PRDX4,26
PRELP,9
PRKCSH,30
PRMT1,10
PRMT5,19
PRPF19,30
PRPH,3
PSMA1,14
PSMA3,15
PSMA4,14
PSMA5,12
PSMA6,26
PSMA7,30
PSMB3,28
PSMB4,10
PSMB8,22
PSMB9,26
PSMC2,26
PSMC3,12
PSMC5,28
PSMD1,29
PSMD11,17
PSMD12,19
PSMD13,28
PSMD14,19
PSMD2,24
PSMD3,30
PSMD7,28
PSME2,22
PSME3,21
PTBP1,14
PTGES3,19
PTPN1,10
PTPN11,24
PTRH2,19
PYCR1,28
QARS1,14
RAB11A,14
RAB13,30
RAB15,25
RAB33B,25
RAB3D,25
RAB6A,25
RAB7A,30
RACK1,19
RAD23A,12
RALY,16
RAN,21
RANBP2,19
RARS1,19
RBBP4,15
RBM14,30
RBM25,19
RBM3,19
RBM39,30
RBMXL2,30
RCC2,16
RCN1,30
RDH11,14
RNMT,13
RP2,29
RPA1,30
RPA3,20
RPF2,12
RPL12,16
RPL13,21
RPL14,19
RPL15,21
RPL17,11
RPL18,19
RPL18A,16
RPL21,10
RPL23,19
RPL23A,13
RPL27A,26
RPL28,21
RPL3,21
RPL30,21
RPL32,11
RPL34,28
RPL36,14
RPL37A,21
RPL4,27
RPL5,28
RPL6,11
RPL7,28
RPL7A,18
RPL9,19
RPLP0,13
RPLP1,19
RPLP2,19
RPN1,14
RPN2,28
RPRD1B,19
RPS10,13
RPS11,15
RPS12,19
RPS13,26
RPS14,11
RPS15A,28
RPS16,26
RPS17,13
RPS18,30
RPS19,10
RPS2,30
RPS20,30
RPS21,16
RPS23,26
RPS24,21
RPS25,23
RPS26,16
RPS28,30
RPS3,15
RPS3A,19
RPS4X,13
RPS6,28
RPS8,30
RPS9,14
RPSA2,17
RRAS,9
RRBP1,19
RSU1,9
RUVBL1,29
RUVBL2,26
S100A11,19
S100A8,13
S100B,9
S100P,21
SAE1,16
SAR1A,12
SARNP,19
SCAF11,13
SDR16C5,3
SEC61B,11
SEPHS1,19
SERBP1,24
SERPINA1,7
SERPINB5,24
SERPINH1,12
SERPINI2,10
SET,21
SETSIP,21
SF1,15
SF3A3,9
SF3B2,21
SF3B6,16
SFPQ,30
SGTA,26
SH3BGRL,1
SH3BGRL3,19
SHMT2,22
SLC12A2,12
SLC12A5,25
SLC16A3,28
SLC1A5,11
SLC3A2,21
SLIRP,25
SLMAP,9
SMARCA5,21
SMTN,9
SND1,30
SNRNP70,30
SNRPB2,21
SNRPD1,14
SNRPD2,19
SNRPD3,11
SNRPE,19
SNRPGP15,20
SNU13,12
SOD3,3
SORBS1,3
SORBS2,1
SORD,16
SRP14,15
SRP72,28
SRPRB,21
SRRM2,18
SRRT,30
SRSF1,30
SRSF3,30
SRSF7,21
SRSF9,26
SSB,30
SSBP1,16
SSH3,24
SSR4,14
STAT1,11
STAT3,30
STIP1,26
STK26,21
STMN1,21
STMN2,19
STOML2,14
STT3B,20
STUB1,20
STXBP5,7
SUB1,30
SUMO2,11
SUMO3,13
SUPT16H,26
SWAP70,19
SYAP1,21
SYNCRIP,28
SYNM,9
SYNPO2,9
TAGLN,9
TAGLN2,30
TALDO1,26
TAP1,10
TAPBP,27
TARDBP,30
TARS1,29
TBR1,19
TCP1,26
TF,7
TFG,19
TFRC,15
TGOLN2,14
THRAP3,13
TIA1,29
TIMM13,19
TINAGL1,9
TJP2,30
TKT,29
TLN2,2
TM9SF2,29
TM9SF4,30
TMCO1,14
TMED10,26
TMED2,30
TMED4,14
TMPO,21
TMTC3,1
TNPO1,21
TNS1,9
TOMM34,21
TOMM70,29
TOP1,9
TOP2B,30
TPD52L2,19
TPM1,1
TPM2,9
TPM3,8
TPP2,8
TRAP1,21
TRIM28,21
TSC2,19
TUBB,11
TUBB2A,9
TUFM,12
TWF2,29
TXNDC12,26
TYMP,10
U2AF2,30
UBA1,17
UBA2,30
UCHL3,30
UGGT1,19
UMPS,19
USO1,26
VARS1,13
VAT1,2
VBP1,21
VCL,9
VCP,30
VDAC1,19
VKORC1L1,14
VWF,10
WARS1,11
WDR18,5
WDR36,19
WDR43,19
XPO1,15
XRCC1,29
XRCC5,29
XRCC6,30
YBX1,26
YBX3,14
YWHAB,17
YWHAE,12
ZFR,13
ZNF207,8
ZNF30,9
ZNF326,19
ZNF483,21
